{
  "parent": "item/handheld",
  "textures": {
    "layer0": "clownscythe:item/bloody_clown_scythe_handheld"
  },
  "display": {
    "thirdperson_righthand": {
      "rotation": [
        0,
        -90,
        55
      ],
      "translation": [
        0,
        5,
        0.5
      ],
      "scale": [
        1.6,
        1.6,
        1.6
      ]
    },
    "thirdperson_lefthand": {
      "rotation": [
        0,
        90,
        -55
      ],
      "translation": [
        0,
        5,
        0.5
      ],
      "scale": [
        1.6,
        1.6,
        1.6
      ]
    },
    "firstperson_righthand": {
      "rotation": [
        0,
        -90,
        25
      ],
      "translation": [
        1.13,
        4.2,
        1.13
      ],
      "scale": [
        1.1,
        1.1,
        1.1
      ]
    },
    "firstperson_lefthand": {
      "rotation": [
        0,
        90,
        -25
      ],
      "translation": [
        1.13,
        4.2,
        1.13
      ],
      "scale": [
        1.1,
        1.1,
        1.1
      ]
    }
  }
}