{
	"credit": "Made with Blockbench",
	"texture_size": [128, 128],
	"textures": {
		"3": "stiched_texture"
	},
	"elements": [
		{
			"from": [1, 0, 8],
			"to": [5, 4, 9],
			"faces": {
				"north": {"uv": [0, 9, 0.5, 9.5], "texture": "#3"},
				"east": {"uv": [1, 11.125, 1.125, 11.625], "texture": "#3"},
				"south": {"uv": [0.5, 9, 1, 9.5], "texture": "#3"},
				"west": {"uv": [1.125, 11.125, 1.25, 11.625], "texture": "#3"},
				"up": {"uv": [2.5, 10.75, 2, 10.625], "texture": "#3"},
				"down": {"uv": [1.75, 11.125, 1.25, 11.25], "texture": "#3"}
			}
		},
		{
			"from": [4, 2, 8],
			"to": [7, 5, 9],
			"faces": {
				"north": {"uv": [1.25, 10.5, 1.625, 10.875], "texture": "#3"},
				"east": {"uv": [3.5, 11.5, 3.625, 11.875], "texture": "#3"},
				"south": {"uv": [2.5, 10.375, 2.875, 10.75], "texture": "#3"},
				"west": {"uv": [0, 11.625, 0.125, 12], "texture": "#3"},
				"up": {"uv": [0.5, 11.75, 0.125, 11.625], "texture": "#3"},
				"down": {"uv": [4, 8.75, 3.625, 8.875], "texture": "#3"}
			}
		},
		{
			"from": [6, 4, 8],
			"to": [8, 6, 9],
			"faces": {
				"north": {"uv": [1.75, 11.125, 2, 11.375], "texture": "#3"},
				"east": {"uv": [1.125, 10.625, 1.25, 10.875], "texture": "#3"},
				"south": {"uv": [2, 11.125, 2.25, 11.375], "texture": "#3"},
				"west": {"uv": [3.625, 11.625, 3.75, 11.875], "texture": "#3"},
				"up": {"uv": [1.875, 10.625, 1.625, 10.5], "texture": "#3"},
				"down": {"uv": [0.375, 11.75, 0.125, 11.875], "texture": "#3"}
			}
		},
		{
			"from": [7, 5, 8],
			"to": [9, 7, 9],
			"faces": {
				"north": {"uv": [2.25, 11.125, 2.5, 11.375], "texture": "#3"},
				"east": {"uv": [3.75, 8.125, 3.875, 8.375], "texture": "#3"},
				"south": {"uv": [2.5, 11.125, 2.75, 11.375], "texture": "#3"},
				"west": {"uv": [0.375, 11.75, 0.5, 12], "texture": "#3"},
				"up": {"uv": [4, 8.5, 3.75, 8.375], "texture": "#3"},
				"down": {"uv": [0.75, 11.75, 0.5, 11.875], "texture": "#3"}
			}
		},
		{
			"from": [8, 6, 8],
			"to": [10, 8, 9],
			"faces": {
				"north": {"uv": [2.75, 11.125, 3, 11.375], "texture": "#3"},
				"east": {"uv": [0.75, 11.75, 0.875, 12], "texture": "#3"},
				"south": {"uv": [3, 11.125, 3.25, 11.375], "texture": "#3"},
				"west": {"uv": [0.875, 11.75, 1, 12], "texture": "#3"},
				"up": {"uv": [1.5, 11.875, 1.25, 11.75], "texture": "#3"},
				"down": {"uv": [4, 9.375, 3.75, 9.5], "texture": "#3"}
			}
		},
		{
			"from": [9, 7, 8],
			"to": [11, 9, 9],
			"faces": {
				"north": {"uv": [0, 11.25, 0.25, 11.5], "texture": "#3"},
				"east": {"uv": [1.5, 11.75, 1.625, 12], "texture": "#3"},
				"south": {"uv": [0.25, 11.25, 0.5, 11.5], "texture": "#3"},
				"west": {"uv": [3.75, 9.5, 3.875, 9.75], "texture": "#3"},
				"up": {"uv": [1.875, 11.875, 1.625, 11.75], "texture": "#3"},
				"down": {"uv": [4, 9.75, 3.75, 9.875], "texture": "#3"}
			}
		},
		{
			"from": [10, 8, 8],
			"to": [12, 10, 9],
			"faces": {
				"north": {"uv": [0.5, 11.25, 0.75, 11.5], "texture": "#3"},
				"east": {"uv": [1.875, 11.75, 2, 12], "texture": "#3"},
				"south": {"uv": [0.75, 11.25, 1, 11.5], "texture": "#3"},
				"west": {"uv": [2, 11.75, 2.125, 12], "texture": "#3"},
				"up": {"uv": [4, 10.125, 3.75, 10], "texture": "#3"},
				"down": {"uv": [4, 10.125, 3.75, 10.25], "texture": "#3"}
			}
		},
		{
			"from": [11, 9, 8],
			"to": [13, 11, 9],
			"faces": {
				"north": {"uv": [1.25, 11.25, 1.5, 11.5], "texture": "#3"},
				"east": {"uv": [2.25, 11.75, 2.375, 12], "texture": "#3"},
				"south": {"uv": [1.5, 11.25, 1.75, 11.5], "texture": "#3"},
				"west": {"uv": [2.375, 11.75, 2.5, 12], "texture": "#3"},
				"up": {"uv": [4, 10.375, 3.75, 10.25], "texture": "#3"},
				"down": {"uv": [2.75, 11.75, 2.5, 11.875], "texture": "#3"}
			}
		},
		{
			"from": [12, 10, 8],
			"to": [14, 12, 9],
			"faces": {
				"north": {"uv": [3.25, 11.125, 3.5, 11.375], "texture": "#3"},
				"east": {"uv": [3.75, 10.625, 3.875, 10.875], "texture": "#3"},
				"south": {"uv": [1.75, 11.375, 2, 11.625], "texture": "#3"},
				"west": {"uv": [2.75, 11.75, 2.875, 12], "texture": "#3"},
				"up": {"uv": [4, 11, 3.75, 10.875], "texture": "#3"},
				"down": {"uv": [3.375, 11.75, 3.125, 11.875], "texture": "#3"}
			}
		},
		{
			"from": [13, 11, 8],
			"to": [15, 13, 9],
			"faces": {
				"north": {"uv": [2, 11.375, 2.25, 11.625], "texture": "#3"},
				"east": {"uv": [2.875, 11.75, 3, 12], "texture": "#3"},
				"south": {"uv": [2.25, 11.375, 2.5, 11.625], "texture": "#3"},
				"west": {"uv": [3.375, 11.75, 3.5, 12], "texture": "#3"},
				"up": {"uv": [4, 11.75, 3.75, 11.625], "texture": "#3"},
				"down": {"uv": [4, 11.75, 3.75, 11.875], "texture": "#3"}
			}
		},
		{
			"from": [14, 12, 8],
			"to": [17, 15, 9],
			"faces": {
				"north": {"uv": [0, 10.625, 0.375, 11], "texture": "#3"},
				"east": {"uv": [1, 11.625, 1.125, 12], "texture": "#3"},
				"south": {"uv": [0.375, 10.625, 0.75, 11], "texture": "#3"},
				"west": {"uv": [1.125, 11.625, 1.25, 12], "texture": "#3"},
				"up": {"uv": [4, 9, 3.625, 8.875], "texture": "#3"},
				"down": {"uv": [2.125, 11.625, 1.75, 11.75], "texture": "#3"}
			}
		},
		{
			"from": [15, 13, 8],
			"to": [18, 16, 9],
			"faces": {
				"north": {"uv": [0.75, 10.625, 1.125, 11], "texture": "#3"},
				"east": {"uv": [3.625, 10, 3.75, 10.375], "texture": "#3"},
				"south": {"uv": [1.625, 10.625, 2, 11], "texture": "#3"},
				"west": {"uv": [2.125, 11.625, 2.25, 12], "texture": "#3"},
				"up": {"uv": [2.625, 11.75, 2.25, 11.625], "texture": "#3"},
				"down": {"uv": [3, 11.625, 2.625, 11.75], "texture": "#3"}
			}
		},
		{
			"from": [17, 15, 8],
			"to": [19, 17, 9],
			"faces": {
				"north": {"uv": [2.5, 11.375, 2.75, 11.625], "texture": "#3"},
				"east": {"uv": [3.875, 8, 4, 8.25], "texture": "#3"},
				"south": {"uv": [2.75, 11.375, 3, 11.625], "texture": "#3"},
				"west": {"uv": [0.125, 11.875, 0.25, 12.125], "texture": "#3"},
				"up": {"uv": [4.125, 8.375, 3.875, 8.25], "texture": "#3"},
				"down": {"uv": [0.75, 11.875, 0.5, 12], "texture": "#3"}
			}
		},
		{
			"from": [18, 16, 8],
			"to": [20, 18, 9],
			"faces": {
				"north": {"uv": [3, 11.375, 3.25, 11.625], "texture": "#3"},
				"east": {"uv": [0.25, 11.875, 0.375, 12.125], "texture": "#3"},
				"south": {"uv": [3.25, 11.375, 3.5, 11.625], "texture": "#3"},
				"west": {"uv": [3.875, 8.5, 4, 8.75], "texture": "#3"},
				"up": {"uv": [4.125, 9.125, 3.875, 9], "texture": "#3"},
				"down": {"uv": [4.125, 9.125, 3.875, 9.25], "texture": "#3"}
			}
		},
		{
			"from": [21, 15, 8],
			"to": [24, 17, 9],
			"faces": {
				"north": {"uv": [1.125, 10.875, 1.5, 11.125], "texture": "#3"},
				"east": {"uv": [1.25, 11.875, 1.375, 12.125], "texture": "#3"},
				"south": {"uv": [0, 11, 0.375, 11.25], "texture": "#3"},
				"west": {"uv": [1.375, 11.875, 1.5, 12.125], "texture": "#3"},
				"up": {"uv": [3.5, 11.75, 3.125, 11.625], "texture": "#3"},
				"down": {"uv": [4, 11.5, 3.625, 11.625], "texture": "#3"}
			}
		},
		{
			"from": [23, 14, 8],
			"to": [25, 16, 9],
			"faces": {
				"north": {"uv": [0.5, 11.5, 0.75, 11.75], "texture": "#3"},
				"east": {"uv": [3.875, 9.5, 4, 9.75], "texture": "#3"},
				"south": {"uv": [0.75, 11.5, 1, 11.75], "texture": "#3"},
				"west": {"uv": [1.625, 11.875, 1.75, 12.125], "texture": "#3"},
				"up": {"uv": [4.125, 9.375, 3.875, 9.25], "texture": "#3"},
				"down": {"uv": [4.125, 10.375, 3.875, 10.5], "texture": "#3"}
			}
		},
		{
			"from": [23, 18, 8],
			"to": [29, 20, 9],
			"faces": {
				"north": {"uv": [0.5, 10.125, 1.25, 10.375], "texture": "#3"},
				"east": {"uv": [1.75, 11.875, 1.875, 12.125], "texture": "#3"},
				"south": {"uv": [2.125, 8.5, 2.875, 8.75], "texture": "#3"},
				"west": {"uv": [2.5, 11.875, 2.625, 12.125], "texture": "#3"},
				"up": {"uv": [3.625, 10.75, 2.875, 10.625], "texture": "#3"},
				"down": {"uv": [1.125, 11, 0.375, 11.125], "texture": "#3"}
			}
		},
		{
			"from": [25, 17, 8],
			"to": [30, 19, 9],
			"faces": {
				"north": {"uv": [1.25, 10.125, 1.875, 10.375], "texture": "#3"},
				"east": {"uv": [3.875, 10.5, 4, 10.75], "texture": "#3"},
				"south": {"uv": [1.875, 10.375, 2.5, 10.625], "texture": "#3"},
				"west": {"uv": [2.625, 11.875, 2.75, 12.125], "texture": "#3"},
				"up": {"uv": [2.125, 11.125, 1.5, 11], "texture": "#3"},
				"down": {"uv": [2.75, 11, 2.125, 11.125], "texture": "#3"}
			}
		},
		{
			"from": [29, 16, 8],
			"to": [31, 18, 9],
			"faces": {
				"north": {"uv": [1.25, 11.5, 1.5, 11.75], "texture": "#3"},
				"east": {"uv": [3.125, 11.875, 3.25, 12.125], "texture": "#3"},
				"south": {"uv": [1.5, 11.5, 1.75, 11.75], "texture": "#3"},
				"west": {"uv": [3.25, 11.875, 3.375, 12.125], "texture": "#3"},
				"up": {"uv": [4.125, 10.875, 3.875, 10.75], "texture": "#3"},
				"down": {"uv": [4.125, 11, 3.875, 11.125], "texture": "#3"}
			}
		},
		{
			"from": [20, 20, 8],
			"to": [28, 21, 9],
			"faces": {
				"north": {"uv": [2.875, 8.625, 3.875, 8.75], "texture": "#3"},
				"east": {"uv": [1.5, 10.875, 1.625, 11], "texture": "#3"},
				"south": {"uv": [2, 10.875, 3, 11], "texture": "#3"},
				"west": {"uv": [0, 12, 0.125, 12.125], "texture": "#3"},
				"up": {"uv": [3.875, 10.5, 2.875, 10.375], "texture": "#3"},
				"down": {"uv": [3.875, 10.5, 2.875, 10.625], "texture": "#3"}
			}
		},
		{
			"from": [19, 21, 8],
			"to": [29, 22, 9],
			"faces": {
				"north": {"uv": [2.375, 10, 3.625, 10.125], "texture": "#3"},
				"east": {"uv": [4, 8.75, 4.125, 8.875], "texture": "#3"},
				"south": {"uv": [2.375, 10.125, 3.625, 10.25], "texture": "#3"},
				"west": {"uv": [0.875, 12, 1, 12.125], "texture": "#3"},
				"up": {"uv": [3.625, 10.375, 2.375, 10.25], "texture": "#3"},
				"down": {"uv": [1.25, 10.5, 0, 10.625], "texture": "#3"}
			}
		},
		{
			"from": [18, 22, 8],
			"to": [30, 23, 9],
			"faces": {
				"north": {"uv": [2, 9.875, 3.5, 10], "texture": "#3"},
				"east": {"uv": [4, 8.875, 4.125, 9], "texture": "#3"},
				"south": {"uv": [2.125, 8.75, 3.625, 8.875], "texture": "#3"},
				"west": {"uv": [1, 12, 1.125, 12.125], "texture": "#3"},
				"up": {"uv": [3.625, 9, 2.125, 8.875], "texture": "#3"},
				"down": {"uv": [3.875, 8, 2.375, 8.125], "texture": "#3"}
			}
		},
		{
			"from": [16, 23, 8],
			"to": [30, 24, 9],
			"faces": {
				"north": {"uv": [2, 9.375, 3.75, 9.5], "texture": "#3"},
				"east": {"uv": [1.125, 12, 1.25, 12.125], "texture": "#3"},
				"south": {"uv": [2, 9.5, 3.75, 9.625], "texture": "#3"},
				"west": {"uv": [4, 9.375, 4.125, 9.5], "texture": "#3"},
				"up": {"uv": [3.75, 9.75, 2, 9.625], "texture": "#3"},
				"down": {"uv": [3.75, 9.75, 2, 9.875], "texture": "#3"}
			}
		},
		{
			"from": [13, 24, 8],
			"to": [29, 25, 9],
			"faces": {
				"north": {"uv": [0, 9.5, 2, 9.625], "texture": "#3"},
				"east": {"uv": [1.5, 12, 1.625, 12.125], "texture": "#3"},
				"south": {"uv": [0, 9.625, 2, 9.75], "texture": "#3"},
				"west": {"uv": [4, 9.5, 4.125, 9.625], "texture": "#3"},
				"up": {"uv": [2, 9.875, 0, 9.75], "texture": "#3"},
				"down": {"uv": [2, 9.875, 0, 10], "texture": "#3"}
			}
		},
		{
			"from": [26, 25, 8],
			"to": [28, 26, 9],
			"faces": {
				"north": {"uv": [3.75, 11.875, 4, 12], "texture": "#3"},
				"east": {"uv": [4, 9.625, 4.125, 9.75], "texture": "#3"},
				"south": {"uv": [4, 8, 4.25, 8.125], "texture": "#3"},
				"west": {"uv": [4, 9.75, 4.125, 9.875], "texture": "#3"},
				"up": {"uv": [4.25, 8.25, 4, 8.125], "texture": "#3"},
				"down": {"uv": [0.625, 12, 0.375, 12.125], "texture": "#3"}
			}
		},
		{
			"from": [6, 25, 8],
			"to": [25, 26, 9],
			"faces": {
				"north": {"uv": [0, 8, 2.375, 8.125], "texture": "#3"},
				"east": {"uv": [1.875, 12, 2, 12.125], "texture": "#3"},
				"south": {"uv": [0, 8.125, 2.375, 8.25], "texture": "#3"},
				"west": {"uv": [4, 9.875, 4.125, 10], "texture": "#3"},
				"up": {"uv": [2.375, 8.375, 0, 8.25], "texture": "#3"},
				"down": {"uv": [2.375, 8.375, 0, 8.5], "texture": "#3"}
			}
		},
		{
			"from": [7, 26, 8],
			"to": [24, 27, 9],
			"faces": {
				"north": {"uv": [0, 8.5, 2.125, 8.625], "texture": "#3"},
				"east": {"uv": [2, 12, 2.125, 12.125], "texture": "#3"},
				"south": {"uv": [0, 8.625, 2.125, 8.75], "texture": "#3"},
				"west": {"uv": [4, 10, 4.125, 10.125], "texture": "#3"},
				"up": {"uv": [2.125, 8.875, 0, 8.75], "texture": "#3"},
				"down": {"uv": [2.125, 8.875, 0, 9], "texture": "#3"}
			}
		},
		{
			"from": [8, 27, 8],
			"to": [23, 28, 9],
			"faces": {
				"north": {"uv": [0, 10, 1.875, 10.125], "texture": "#3"},
				"east": {"uv": [2.125, 12, 2.25, 12.125], "texture": "#3"},
				"south": {"uv": [2, 9, 3.875, 9.125], "texture": "#3"},
				"west": {"uv": [4, 10.125, 4.125, 10.25], "texture": "#3"},
				"up": {"uv": [3.875, 9.25, 2, 9.125], "texture": "#3"},
				"down": {"uv": [3.875, 9.25, 2, 9.375], "texture": "#3"}
			}
		},
		{
			"from": [10, 28, 8],
			"to": [21, 29, 9],
			"faces": {
				"north": {"uv": [2.375, 8.125, 3.75, 8.25], "texture": "#3"},
				"east": {"uv": [2.25, 12, 2.375, 12.125], "texture": "#3"},
				"south": {"uv": [2.375, 8.25, 3.75, 8.375], "texture": "#3"},
				"west": {"uv": [4, 10.25, 4.125, 10.375], "texture": "#3"},
				"up": {"uv": [3.75, 8.5, 2.375, 8.375], "texture": "#3"},
				"down": {"uv": [1.875, 10.375, 0.5, 10.5], "texture": "#3"}
			}
		},
		{
			"from": [13, 29, 8],
			"to": [18, 30, 9],
			"faces": {
				"north": {"uv": [2.75, 11, 3.375, 11.125], "texture": "#3"},
				"east": {"uv": [2.375, 12, 2.5, 12.125], "texture": "#3"},
				"south": {"uv": [3, 10.75, 3.625, 10.875], "texture": "#3"},
				"west": {"uv": [4, 10.5, 4.125, 10.625], "texture": "#3"},
				"up": {"uv": [3.625, 11, 3, 10.875], "texture": "#3"},
				"down": {"uv": [1, 11.125, 0.375, 11.25], "texture": "#3"}
			}
		},
		{
			"from": [5, 24, 8],
			"to": [9, 25, 9],
			"faces": {
				"north": {"uv": [3.5, 9.875, 4, 10], "texture": "#3"},
				"east": {"uv": [4, 10.625, 4.125, 10.75], "texture": "#3"},
				"south": {"uv": [3.5, 11.125, 4, 11.25], "texture": "#3"},
				"west": {"uv": [2.75, 12, 2.875, 12.125], "texture": "#3"},
				"up": {"uv": [4, 11.375, 3.5, 11.25], "texture": "#3"},
				"down": {"uv": [4, 11.375, 3.5, 11.5], "texture": "#3"}
			}
		},
		{
			"from": [5, 23, 8],
			"to": [7, 24, 9],
			"faces": {
				"north": {"uv": [4, 8.375, 4.25, 8.5], "texture": "#3"},
				"east": {"uv": [2.875, 12, 3, 12.125], "texture": "#3"},
				"south": {"uv": [4, 8.5, 4.25, 8.625], "texture": "#3"},
				"west": {"uv": [4, 10.875, 4.125, 11], "texture": "#3"},
				"up": {"uv": [0.875, 12.125, 0.625, 12], "texture": "#3"},
				"down": {"uv": [4.25, 8.625, 4, 8.75], "texture": "#3"}
			}
		},
		{
			"from": [5, 22, 8],
			"to": [6, 23, 9],
			"faces": {
				"north": {"uv": [3, 12, 3.125, 12.125], "texture": "#3"},
				"east": {"uv": [4, 11.125, 4.125, 11.25], "texture": "#3"},
				"south": {"uv": [4, 11.25, 4.125, 11.375], "texture": "#3"},
				"west": {"uv": [3.375, 12, 3.5, 12.125], "texture": "#3"},
				"up": {"uv": [4.125, 11.5, 4, 11.375], "texture": "#3"},
				"down": {"uv": [4.125, 11.5, 4, 11.625], "texture": "#3"}
			}
		},
		{
			"from": [20, 16, 8],
			"to": [21, 17, 9],
			"faces": {
				"north": {"uv": [0.5, 2, 1, 2.5], "texture": "#3"},
				"east": {"uv": [1, 2, 1.5, 2.5], "texture": "#3"},
				"south": {"uv": [2, 1, 2.5, 1.5], "texture": "#3"},
				"west": {"uv": [1.5, 2, 2, 2.5], "texture": "#3"},
				"up": {"uv": [2.5, 2, 2, 1.5], "texture": "#3"},
				"down": {"uv": [2.5, 2, 2, 2.5], "texture": "#3"}
			}
		},
		{
			"from": [20, 17, 8],
			"to": [23, 19, 9],
			"faces": {
				"north": {"uv": [0, 0, 1.5, 1], "texture": "#3"},
				"east": {"uv": [1.5, 1, 2, 2], "texture": "#3"},
				"south": {"uv": [0, 1, 1.5, 2], "texture": "#3"},
				"west": {"uv": [0, 2, 0.5, 3], "texture": "#3"},
				"up": {"uv": [3, 0.5, 1.5, 0], "texture": "#3"},
				"down": {"uv": [3, 0.5, 1.5, 1], "texture": "#3"}
			}
		},
		{
			"from": [21, 19, 8],
			"to": [23, 20, 9],
			"faces": {
				"north": {"uv": [8, 0, 9, 0.5], "texture": "#3"},
				"east": {"uv": [9, 2, 9.5, 2.5], "texture": "#3"},
				"south": {"uv": [8, 0.5, 9, 1], "texture": "#3"},
				"west": {"uv": [10, 1, 10.5, 1.5], "texture": "#3"},
				"up": {"uv": [9, 1.5, 8, 1], "texture": "#3"},
				"down": {"uv": [10, 0, 9, 0.5], "texture": "#3"}
			}
		},
		{
			"from": [19, 18, 8],
			"to": [20, 19, 9],
			"faces": {
				"north": {"uv": [9.5, 1, 10, 1.5], "texture": "#3"},
				"east": {"uv": [9.5, 1.5, 10, 2], "texture": "#3"},
				"south": {"uv": [8, 2, 8.5, 2.5], "texture": "#3"},
				"west": {"uv": [10, 0, 10.5, 0.5], "texture": "#3"},
				"up": {"uv": [9, 2.5, 8.5, 2], "texture": "#3"},
				"down": {"uv": [10.5, 0.5, 10, 1], "texture": "#3"}
			}
		},
		{
			"from": [20, 19, 8],
			"to": [21, 20, 9],
			"faces": {
				"north": {"uv": [9, 0.5, 9.5, 1], "texture": "#3"},
				"east": {"uv": [9, 1, 9.5, 1.5], "texture": "#3"},
				"south": {"uv": [8, 1.5, 8.5, 2], "texture": "#3"},
				"west": {"uv": [8.5, 1.5, 9, 2], "texture": "#3"},
				"up": {"uv": [10, 1, 9.5, 0.5], "texture": "#3"},
				"down": {"uv": [9.5, 1.5, 9, 2], "texture": "#3"}
			}
		}
	],
	"display": {
		"thirdperson_righthand": {
			"rotation": [-30, -90, 0],
			"translation": [0, -4, -0.25]
		},
		"thirdperson_lefthand": {
			"rotation": [-30, 90, 0],
			"translation": [0, -4, -0.25]
		},
		"firstperson_righthand": {
			"rotation": [-35, -90, 22],
			"translation": [0, -4, -0.25]
		},
		"firstperson_lefthand": {
			"rotation": [0, 90, -37],
			"translation": [0, -4, -0.25]
		},
		"ground": {
			"translation": [0, 7, 0],
			"scale": [0.39258, 0.39258, 0.39258]
		},
		"gui": {
			"translation": [-4, -3.25, 0],
			"scale": [0.48047, 0.48047, 0.48047]
		},
		"fixed": {
			"translation": [-3.75, -2.75, 0],
			"scale": [0.54688, 0.54688, 0.54688]
		}
	},
	"groups": [
		{
			"name": "Death Sickle :)",
			"origin": [0, 0, 0],
			"color": 0,
			"nbt": "{}",
			"armAnimationEnabled": false,
			"children": [0, 1, 2, 3, 4, 5, 6, 7, 8, 9, 10, 11, 12, 13, 14, 15, 16, 17, 18, 19, 20, 21, 22, 23, 24, 25, 26, 27, 28, 29, 30, 31, 32, 33, 34]
		},
		35,
		36,
		37
	]
}